Slope,Intercept
-0.012121212121212121,0.6666666666666667
