Class,Prior Probability,Feature Probabilities,Total Probability
A,0.5,0.5,0.4200655883184708,0.3333333333333333=0.035005465693205895
B,0.5,0.5,0.08207306846579633,1.0=0.020518267116449083
Predicted Class: A
